<!DOCTYPE suite SYSTEM "https://testng.org/testng-1.0.dtd" >
<suite name="Desktop Brand Website SGW Validation"
	data-provider-thread-count="1">

	<!-- Allowed Values For Execution Mode: LOCAL, GRID, MOBILE, PERFECTO, SAUCELABS, 
		BROWSERSTACK -->
	<parameter name="executionMode" value="PERFECTO" />

	<!-- Allowed Values For ToolName: empty string, APPIUM, REMOTE_WEBDRIVER -->
	<parameter name="toolName" value="REMOTE_WEBDRIVER" />

	<!-- Allowed Values For Mobile Execution Platform: empty string, ANDROID, 
		IOS, WEB_ANDROID, WEB_IOS -->
	<parameter name="mobileExecutionPlatform" value="" />

	<!-- Allowed Values For Mobile OS Version: Required OS Version -->
	<parameter name="mobileOsVersion" value="" />

	<!-- Allowed Values For Device Name: Name of the Device -->
	<parameter name="deviceName" value="" />

	<!-- Allowed Values For Browser: CHROME, FIREFOX, GHOST_DRIVER, INTERNET_EXPLORER, 
		SAFARI, EDGE -->
	<parameter name="browser" value="CHROME" />

	<!-- Allowed Values For Browser Version: Required Version else empty string -->
	<parameter name="browserVersion" value="latest" />

	<!-- Allowed Values For Platform: ANY, LINUX, MAC, MAVERICKS, MOUNTAIN_LION, 
		SNOW_LEAPARD, UNIX, VISTA, WIN8, WIN8_1, WINDOWS, XP -->
	<parameter name="platform" value="" />

	<!-- Allowed Values For Platform Version: Required Version else empty string -->
	<parameter name="platformVersion" value="10" />

	<suite-files>
		<suite-file path="SGW_Validations_AmericanSpirit.xml" />
		<suite-file path="SGW_Validations_CamelWebsite.xml" />
		<suite-file path="SGW_Validations_NewportWebsite.xml" />
		<suite-file path="SGW_Validations_PallMallWebsite.xml" />
		<suite-file path="SGW_Validations_RevelWebsite.xml" />
		<suite-file path="SGW_Validations_VeloWebsite.xml" />
		<suite-file path="SGW_Validations_VUSEWebsite.xml" />
	</suite-files>

</suite> <!-- Suite -->