<!DOCTYPE suite SYSTEM "https://testng.org/testng-1.0.dtd" >
<suite name="Regression"  data-provider-thread-count="3" >

	<test name="Test for VUSE Mobilesite">

	<!-- Allowed Values For Execution Mode: LOCAL, GRID, MOBILE, PERFECTO, SAUCELABS, BROWSERSTACK  -->
	<parameter name="executionMode" value="PERFECTO"/>
	
	<!-- Allowed Values For ToolName: empty string, APPIUM, REMOTE_WEBDRIVER-->
	<parameter name="toolName" value="APPIUM"/>
	
	<!-- Allowed Values For Mobile Execution Platform: empty string, ANDROID, IOS, WEB_ANDROID, WEB_IOS-->
	<parameter name="mobileExecutionPlatform" value="WEB_ANDROID"/>
	
	<!-- Allowed Values For Mobile OS Version: Required OS Version-->
	<parameter name="mobileOsVersion" value=""/>
	
	<!-- Allowed Values For Device Name: Name of the Device-->
	<parameter name="deviceName" value="LGTP260E6B5E05A"/>
	
	<!-- Allowed Values For Browser: CHROME, FIREFOX, GHOST_DRIVER, INTERNET_EXPLORER, SAFARI, EDGE-->
	<parameter name="browser" value="CHROME"/>
	
	<!-- Allowed Values For Browser Version: Required Version else empty string-->
	<parameter name="browserVersion" value ="latest"/>
	
	<!-- Allowed Values For Platform: ANY, LINUX, MAC, MAVERICKS, MOUNTAIN_LION, SNOW_LEAPARD, UNIX, VISTA, WIN8, WIN8_1, WINDOWS, XP-->
	<parameter name="platform" value=""/>
	
	<!-- Allowed Values For Platform Version: Required Version else empty string-->
	<parameter name="platformVersion" value="10"/>
	
		<classes>
		    <class name="testscripts.cts.VUSEMobilesiteAndSPA.AccountLockValidations_VUSEMobilesite"/>
			<class name="testscripts.cts.VUSEMobilesiteAndSPA.AccountExistsPage_DiffBrand_VUSEMobilesite"/>
			<class name="testscripts.cts.VUSEMobilesiteAndSPA.AlreadyRegisteredPage_SameBrand_VUSEMobilesite"/>
			<class name="testscripts.cts.VUSEMobilesiteAndSPA.ForgotPassword_PasswordReset_VUSEMobilesite"/>
			<class name="testscripts.cts.VUSEMobilesiteAndSPA.ForgotPassword_UsernotFoundPage_VUSEMobilesite"/>
			<class name="testscripts.cts.VUSEMobilesiteAndSPA.ForgotPasswordNegativeValidations_VUSEMobilesite"/>
			<class name="testscripts.cts.VUSEMobilesiteAndSPA.ForgotUsername_RetrieveUserId_VUSEMobilesite"/>
			<class name="testscripts.cts.VUSEMobilesiteAndSPA.ForgotUsername_UsernotFoundPage_VUSEMobilesite"/>
			<class name="testscripts.cts.VUSEMobilesiteAndSPA.ForgotUsernameNegativeValidations_VUSEMobilesite"/>
			<class name="testscripts.cts.VUSEMobilesiteAndSPA.Login_NonQualifiedUser_VUSEMobilesite"/>
			<class name="testscripts.cts.VUSEMobilesiteAndSPA.Login_OtherBrandHUserandResetN_VUSEMobilesite"/>
			<class name="testscripts.cts.VUSEMobilesiteAndSPA.Login_OtherBrandHUserandResetY_VUSEMobilesite"/>
			<class name="testscripts.cts.VUSEMobilesiteAndSPA.Login_OtherBrandSUserandResetN_VUSEMobilesite"/>
			<class name="testscripts.cts.VUSEMobilesiteAndSPA.Login_OtherBrandSUserandResetY_VUSEMobilesite"/>
			<class name="testscripts.cts.VUSEMobilesiteAndSPA.LoginPageValidations_VUSEMobilesite"/>
			<class name="testscripts.cts.VUSEMobilesiteAndSPA.RegistrationwithSSN_VUSEMobilesite"/>	
		    <class name="testscripts.cts.VUSEMobilesiteAndSPA.RegistrationwithSSN_NegativeValidations_VUSEMobilesite"/>
		    
					
		</classes>
	</test> <!-- Test -->
</suite> <!-- Suite -->