<!DOCTYPE suite SYSTEM "https://testng.org/testng-1.0.dtd" >
<suite name="Regression"  data-provider-thread-count="3" >

	<test name="Test for Newport Mobilesite">

	<!-- Allowed Values For Execution Mode: LOCAL, GRID, MOBILE, PERFECTO, SAUCELABS, BROWSERSTACK  -->
	<parameter name="executionMode" value="PERFECTO"/>
	
	<!-- Allowed Values For ToolName: empty string, APPIUM, REMOTE_WEBDRIVER-->
	<parameter name="toolName" value="APPIUM"/>
	
	<!-- Allowed Values For Mobile Execution Platform: empty string, ANDROID, IOS, WEB_ANDROID, WEB_IOS-->
	<parameter name="mobileExecutionPlatform" value="WEB_ANDROID"/>
	
	<!-- Allowed Values For Mobile OS Version: Required OS Version-->
	<parameter name="mobileOsVersion" value=""/>
	
	<!-- Allowed Values For Device Name: Name of the Device-->
	<parameter name="deviceName" value="ZY224ZZNBC"/>
	
	<!-- Allowed Values For Browser: CHROME, FIREFOX, GHOST_DRIVER, INTERNET_EXPLORER, SAFARI, EDGE-->
	<parameter name="browser" value="CHROME"/>
	
	<!-- Allowed Values For Browser Version: Required Version else empty string-->
	<parameter name="browserVersion" value ="latest"/>
	
	<!-- Allowed Values For Platform: ANY, LINUX, MAC, MAVERICKS, MOUNTAIN_LION, SNOW_LEAPARD, UNIX, VISTA, WIN8, WIN8_1, WINDOWS, XP-->
	<parameter name="platform" value=""/>
	
	<!-- Allowed Values For Platform Version: Required Version else empty string-->
	<parameter name="platformVersion" value="10"/>
	
		<classes>
			<class name="testscripts.cts.NewportMobileSiteAndSPA.PreandPostLoginFooterLinksValidation_NewPortMobilesite"/>
		    <class name="testscripts.cts.NewportMobileSiteAndSPA.Accountlocked_Validation_NewportMobilesite"/>
			<class name="testscripts.cts.NewportMobileSiteAndSPA.AccountExistsPage_DiffBrand_NewportMobilesite"/>
			<class name="testscripts.cts.NewportMobileSiteAndSPA.AlreadyRegisteredPage_SameBrand_NewPortMobilesite"/>
			<class name="testscripts.cts.NewportMobileSiteAndSPA.ForgotPassword_ResetPassword_NewportMobilesite"/>
			<class name="testscripts.cts.NewportMobileSiteAndSPA.ForgotPasswordNegativeValidations_NewPortMobilesite"/>
			<class name="testscripts.cts.NewportMobileSiteAndSPA.ForgotPassword_UsernotFoundPage_NewportMobilesite"/>
			<class name="testscripts.cts.NewportMobileSiteAndSPA.ForgotUsername_RetrieveUserId_NewportMobilesite"/>
			<class name="testscripts.cts.NewportMobileSiteAndSPA.ForgotUsername_UsernotFoundPage_NewportMobilesite"/>
			<class name="testscripts.cts.NewportMobileSiteAndSPA.ForgotUsernameNegativeValidations_NewPortMobilesite"/>
			<class name="testscripts.cts.NewportMobileSiteAndSPA.Login_NonQualifiedUser_Newportmobilesite"/>
			<class name="testscripts.cts.NewportMobileSiteAndSPA.Login_OtherBrandHUserandResetN_Newportmobilesite"/>
			<class name="testscripts.cts.NewportMobileSiteAndSPA.Login_OtherBrandHUserandResetY_Newportmobilesite"/>
			<class name="testscripts.cts.NewportMobileSiteAndSPA.Login_OtherBrandSUserandResetN_Newportmobilesite"/>
			<class name="testscripts.cts.NewportMobileSiteAndSPA.Login_OtherBrandSUserandResetY_Newportmobilesite"/>
			<class name="testscripts.cts.NewportMobileSiteAndSPA.LoginPageValidations_NewPortMobilesite"/>
			<class name="testscripts.cts.NewportMobileSiteAndSPA.Login_RememberMeFunctionality_Newportmobilesite"/>
			<class name="testscripts.cts.NewportMobileSiteAndSPA.Loginwith128Characters_NewPortmobilesite"/>
			<class name="testscripts.cts.NewportMobileSiteAndSPA.ProfilePage_TobaccoSurveyNegativeValidations_NewPortMobilesite"/>
			<class name="testscripts.cts.NewportMobileSiteAndSPA.ProfilePage_TobaccoSurveyUpdate_NewPortMobilesite"/>
			<class name="testscripts.cts.NewportMobileSiteAndSPA.Registration_New_User_With_SSN_NewPortMobilesite"/>	
			<class name="testscripts.cts.NewportMobileSiteAndSPA.RegistrationwithSSN_NegativeValidations_NewPortMobilesite"/>
			<class name="testscripts.cts.NewportMobileSiteAndSPA.MyProfile_Update_Validation_NewPortMobilesite"/>
			
					
		</classes>
	</test> <!-- Test -->
</suite> <!-- Suite -->