<!DOCTYPE suite SYSTEM "https://testng.org/testng-1.0.dtd" >
<suite name="Regression"  data-provider-thread-count="3" >

	<test name="Test for Camel Website">

	<!-- Allowed Values For Execution Mode: LOCAL, GRID, MOBILE, PERFECTO, SAUCELABS, BROWSERSTACK  -->
	<parameter name="executionMode" value="PERFECTO"/>
	
	<!-- Allowed Values For ToolName: empty string, APPIUM, REMOTE_WEBDRIVER-->
	<parameter name="toolName" value="REMOTE_WEBDRIVER"/>
	
	<!-- Allowed Values For Mobile Execution Platform: empty string, ANDROID, IOS, WEB_ANDROID, WEB_IOS-->
	<parameter name="mobileExecutionPlatform" value=""/>
	
	<!-- Allowed Values For Mobile OS Version: Required OS Version-->
	<parameter name="mobileOsVersion" value=""/>
	
	<!-- Allowed Values For Device Name: Name of the Device-->
	<parameter name="deviceName" value=""/>
	
	<!-- Allowed Values For Browser: CHROME, FIREFOX, GHOST_DRIVER, INTERNET_EXPLORER, SAFARI, EDGE-->
	<parameter name="browser" value="CHROME"/>
	
	<!-- Allowed Values For Browser Version: Required Version else empty string-->
	<parameter name="browserVersion" value ="latest"/>
	
	<!-- Allowed Values For Platform: ANY, LINUX, MAC, MAVERICKS, MOUNTAIN_LION, SNOW_LEAPARD, UNIX, VISTA, WIN8, WIN8_1, WINDOWS, XP-->
	<parameter name="platform" value=""/>
	
	<!-- Allowed Values For Platform Version: Required Version else empty string-->
	<parameter name="platformVersion" value="10"/>
	
		<classes>
			<class name="testscripts.cts.CamelMobileSiteAndSPA.AccountExistsPage_DiffBrand_CamelMobilesite"/>
			<class name="testscripts.cts.CamelMobileSiteAndSPA.Accountlocked_Validation_CamelMobilesite"/>
			<class name="testscripts.cts.CamelMobileSiteAndSPA.AlreadyRegisteredPage_SameBrand_CamelMobilesite"/>
			<class name="testscripts.cts.CamelMobileSiteAndSPA.ForgotPassword_ResetPassword_CamelMobilesite"/>
			<class name="testscripts.cts.CamelMobileSiteAndSPA.ForgotPasswordNegativeValidations_CamelMobilesite"/>
			<class name="testscripts.cts.CamelMobileSiteAndSPA.ForgotUsername_RetrieveUserId_CamelMobilesite"/>
			<class name="testscripts.cts.CamelMobileSiteAndSPA.ForgotUsername_UsernotFoundPage_CamelMobilesite"/>
			<class name="testscripts.cts.CamelMobileSiteAndSPA.ForgotUsernameNegativeValidations_CamelMobilesite"/>
			<class name="testscripts.cts.CamelMobileSiteAndSPA.Login_NonQualifiedUser_CamelMobilesite"/>
			<class name="testscripts.cts.CamelMobileSiteAndSPA.Login_OtherBrandHUserandResetN_CamelMobilesite"/>
			<class name="testscripts.cts.CamelMobileSiteAndSPA.Login_OtherBrandHUserandResetY_CamelMobilesite"/>
			<class name="testscripts.cts.CamelMobileSiteAndSPA.Login_OtherBrandSUserandResetN_CamelMobilesite"/>
			<class name="testscripts.cts.CamelMobileSiteAndSPA.Login_OtherBrandSUserandResetY_CamelMobilesite"/>
			<class name="testscripts.cts.CamelMobileSiteAndSPA.Login_RememberMeFunctionality_CamelMobilesite"/>
			<class name="testscripts.cts.CamelMobileSiteAndSPA.LoginPageValidations_CamelMobilesite"/>
			<class name="testscripts.cts.CamelMobileSiteAndSPA.Loginwith128Characters_CamelMobilesite"/>
			<class name="testscripts.cts.CamelMobileSiteAndSPA.MyProfile_UpdateValidation_CamelMobilesite"/>
			<class name="testscripts.cts.CamelMobileSiteAndSPA.PreandPostLoginFooterLinksValidation_CamelMobilesite"/>
			<class name="testscripts.cts.CamelMobileSiteAndSPA.ProfilePage_TobaccoSurveyNegativeValidations_CamelMobilesite"/>
			<class name="testscripts.cts.CamelMobileSiteAndSPA.ProfilePage_TobaccoSurveyUpdate_CamelMobilesite"/>
			<class name="testscripts.cts.CamelMobileSiteAndSPA.Registration_NewUser_SSN_CamelMobilesite"/>	
			<class name="testscripts.cts.CamelMobileSiteAndSPA.RegistrationwithSSN_CamelMobilesite"/>
			<class name="testscripts.cts.CamelMobileSiteAndSPA.RegistrationwithSSN_NegativeValidations_CamelMobilesite"/>
			<class name="testscripts.cts.CamelMobileSiteAndSPA.ResetPandY_PrimaryUandY_Login_CamelMobilesite"/>
			<class name="testscripts.cts.CamelMobileSiteAndSPA.ResetUandY_ForgotPassword_CamelMobilesite"/>
			<class name="testscripts.cts.CamelMobileSiteAndSPA.ResetUandY_ForgotUsername_CamelMobilesite"/>
			<class name="testscripts.cts.CamelMobileSiteAndSPA.ResetUandY_Registration_CamelMobilesite"/>
					
		</classes>
	</test> <!-- Test -->
</suite> <!-- Suite -->