<!DOCTYPE suite SYSTEM "https://testng.org/testng-1.0.dtd" >
<suite name="Regression"  data-provider-thread-count="3" >

	<test name="Test for Camel Website">

	<!-- Allowed Values For Execution Mode: LOCAL, GRID, MOBILE, PERFECTO, SAUCELABS, BROWSERSTACK  -->
	<parameter name="executionMode" value="PERFECTO"/>
	
	<!-- Allowed Values For ToolName: empty string, APPIUM, REMOTE_WEBDRIVER-->
	<parameter name="toolName" value="APPIUM"/>
	
	<!-- Allowed Values For Mobile Execution Platform: empty string, ANDROID, IOS, WEB_ANDROID, WEB_IOS-->
	<parameter name="mobileExecutionPlatform" value="WEB_ANDROID"/>
	
	<!-- Allowed Values For Mobile OS Version: Required OS Version-->
	<parameter name="mobileOsVersion" value=""/>
	
	<!-- Allowed Values For Device Name: Name of the Device-->
	<parameter name="deviceName" value="ZY224ZZNBC"/>
	
	<!-- Allowed Values For Browser: CHROME, FIREFOX, GHOST_DRIVER, INTERNET_EXPLORER, SAFARI, EDGE-->
	<parameter name="browser" value="CHROME"/>
	
	<!-- Allowed Values For Browser Version: Required Version else empty string-->
	<parameter name="browserVersion" value ="latest"/>
	
	<!-- Allowed Values For Platform: ANY, LINUX, MAC, MAVERICKS, MOUNTAIN_LION, SNOW_LEAPARD, UNIX, VISTA, WIN8, WIN8_1, WINDOWS, XP-->
	<parameter name="platform" value=""/>
	
	<!-- Allowed Values For Platform Version: Required Version else empty string-->
	<parameter name="platformVersion" value="10"/>
	
		<classes>
		    <class name="testscripts.cts.AmericanSpiritMobileSite.PreandPostLoginFooterLinksValidation_AmericanSpirit_Mobilesite"/>
		    <class name="testscripts.cts.AmericanSpiritMobileSite.Accountlocked_Validation_AmericanspiritMobilesite"/>
		    <class name="testscripts.cts.AmericanSpiritMobileSite.AccountExistsPage_DiffBrand_AmericanSpiritMobilesite"/>
		    <class name="testscripts.cts.AmericanSpiritMobileSite.AlreadyRegisteredPage_SameBrand_AmericanspiritMobilesite"/>
			<class name="testscripts.cts.AmericanSpiritMobileSite.ForgotPassword_UsernotFoundPage_AmericanSpiritmobilesite"/>
			<class name="testscripts.cts.AmericanSpiritMobileSite.Forgot_Password_Flow_Validations_Americanspirit_Mobile_Site"/>
			<class name="testscripts.cts.AmericanSpiritMobileSite.ForgotPasswordNegativeValidations_AmericanSpiritMobilesite"/>
			<class name="testscripts.cts.AmericanSpiritMobileSite.Forgot_Username_Flow_Validations_Americanspirit_Mobile_Site"/>
			<class name="testscripts.cts.AmericanSpiritMobileSite.ForgotUsername_UsernotFoundPage_AmericanSpiritmobilesite"/>
			<class name="testscripts.cts.AmericanSpiritMobileSite.ForgotUsernameNegativeValidations_AmericanSpiritMobilesite"/>
			<class name="testscripts.cts.AmericanSpiritMobileSite.Login_NonQualifiedUser_Americanspiritmobilesite"/>
			<class name="testscripts.cts.AmericanSpiritMobileSite.Login_OtherBrandHUserandResetN_Americanspiritmobilesite"/>
			<class name="testscripts.cts.AmericanSpiritMobileSite.Login_OtherBrandHUserandResetY_Americanspiritmobilesite"/>
			<class name="testscripts.cts.AmericanSpiritMobileSite.Login_OtherBrandSUserandResetN_Americanspiritmobilesite"/>
			<class name="testscripts.cts.AmericanSpiritMobileSite.Login_OtherBrandSUserandResetY_Americanspiritmobilesite"/>
			<class name="testscripts.cts.AmericanSpiritMobileSite.LoginPageValidations_AmericanSpiritMobilesite"/>
			<class name="testscripts.cts.AmericanSpiritMobileSite.Login_RememberMeFunctionality_Americanspiritmobilesite"/>
			<class name="testscripts.cts.AmericanSpiritMobileSite.Loginwith128Characters_Americanspiritmobilesite"/>
			<class name="testscripts.cts.AmericanSpiritMobileSite.ProfilePage_TobaccoSurveyNegativeValidations_AmericanSpirit_Mobilesite"/>
			<class name="testscripts.cts.AmericanSpiritMobileSite.ProfilePage_TobaccoSurveyUpdate_AmericanSpirit_Mobilesite"/>
			<class name="testscripts.cts.AmericanSpiritMobileSite.Registration_New_User_With_SSN_AmericanSpiritMobilesite"/>	
			<class name="testscripts.cts.AmericanSpiritMobileSite.RegistrationwithSSN_NegativeValidations_AmericanSpiritMobilesite"/>
			<class name="testscripts.cts.AmericanSpiritMobileSite.MyProfile_Update_Validation_AmericanSpirit_Mobilesite"/>
					
		</classes>
	</test> <!-- Test -->
</suite> <!-- Suite -->