<!DOCTYPE suite SYSTEM "https://testng.org/testng-1.0.dtd" >
<suite name="Regression"  data-provider-thread-count="3" >

	<test name="Test for Camel Website">

	<!-- Allowed Values For Execution Mode: LOCAL, GRID, MOBILE, PERFECTO, SAUCELABS, BROWSERSTACK  -->
	<parameter name="executionMode" value="PERFECTO"/>
	
	<!-- Allowed Values For ToolName: empty string, APPIUM, REMOTE_WEBDRIVER-->
	<parameter name="toolName" value="APPIUM"/>
	
	<!-- Allowed Values For Mobile Execution Platform: empty string, ANDROID, IOS, WEB_ANDROID, WEB_IOS-->
	<parameter name="mobileExecutionPlatform" value="ANDROID"/>
	
	<!-- Allowed Values For Mobile OS Version: Required OS Version-->
	<parameter name="mobileOsVersion" value=""/>
	
	<!-- Allowed Values For Device Name: Name of the Device-->
	<parameter name="deviceName" value="988A57385550513531"/>
	
	<!-- Allowed Values For Browser: CHROME, FIREFOX, GHOST_DRIVER, INTERNET_EXPLORER, SAFARI, EDGE-->
	<parameter name="browser" value=""/>
	
	<!-- Allowed Values For Browser Version: Required Version else empty string-->
	<parameter name="browserVersion" value =""/>
	
	<!-- Allowed Values For Platform: ANY, LINUX, MAC, MAVERICKS, MOUNTAIN_LION, SNOW_LEAPARD, UNIX, VISTA, WIN8, WIN8_1, WINDOWS, XP-->
	<parameter name="platform" value=""/>
	
	<!-- Allowed Values For Platform Version: Required Version else empty string-->
	<parameter name="platformVersion" value=""/>
	
	<!-- Allowed Values For App Package Name: Required App Package Name else empty string-->
	<parameter name="AppPackageName" value="com.rjrt.TheOasis"/>
	
	<!-- Allowed Values For App Main Activity Name: Required App Package Name else empty string-->
	<parameter name="AppMainActivityName" value="com.rjrt.TheOasis.Oasis"/>
	
		<classes>
			<class name="testscripts.cts.TheOasisNativeApp.LoginPage_ValidatingSGWText_OasisNativeApp"/>
			<class name="testscripts.cts.TheOasisNativeApp.PostLogin_ValidatingSGWText_OasisNativeApp"/>
			<class name="testscripts.cts.TheOasisNativeApp.Coupons_ValidatingSGWText_OasisNativeApp"/>
			<class name="testscripts.cts.TheOasisNativeApp.HamburgerMenu_ValidatingSGWText_OasisNativeApp"/>
		</classes>
	</test> <!-- Test -->
</suite> <!-- Suite -->