<!DOCTYPE suite SYSTEM "https://testng.org/testng-1.0.dtd" >
<suite name="Regression"  data-provider-thread-count="3" >

	<test name="Test for Exchange App">

	<!-- Allowed Values For Execution Mode: LOCAL, GRID, MOBILE, PERFECTO, SAUCELABS, BROWSERSTACK  -->
	<parameter name="executionMode" value="PERFECTO"/>
	
	<!-- Allowed Values For ToolName: empty string, APPIUM, REMOTE_WEBDRIVER-->
	<parameter name="toolName" value="APPIUM"/>
	
	<!-- Allowed Values For Mobile Execution Platform: empty string, ANDROID, IOS, WEB_ANDROID, WEB_IOS-->
	<parameter name="mobileExecutionPlatform" value="ANDROID"/>
	
	<!-- Allowed Values For Mobile OS Version: Required OS Version-->
	<parameter name="mobileOsVersion" value=""/>
	
	<!-- Allowed Values For Device Name: Name of the Device-->
	<parameter name="deviceName" value=""/>
	
	<!-- Allowed Values For Browser: CHROME, FIREFOX, GHOST_DRIVER, INTERNET_EXPLORER, SAFARI, EDGE-->
	<parameter name="browser" value=""/>
	
	<!-- Allowed Values For Browser Version: Required Version else empty string-->
	<parameter name="browserVersion" value =""/>
	
	<!-- Allowed Values For Platform: ANY, LINUX, MAC, MAVERICKS, MOUNTAIN_LION, SNOW_LEAPARD, UNIX, VISTA, WIN8, WIN8_1, WINDOWS, XP-->
	<parameter name="platform" value=""/>
	
	<!-- Allowed Values For Platform Version: Required Version else empty string-->
	<parameter name="platformVersion" value=""/>
	
	<!-- Allowed Values For App Package Name: Required App Package Name else empty string-->
	<parameter name="AppPackageName" value="com.rjrt.Grizzly"/>
	
	<!-- Allowed Values For App Main Activity Name: Required App Package Name else empty string-->
	<parameter name="AppMainActivityName" value="com.rjrt.Grizzly.GrizzlyCoupons"/>
	
		<classes>
			<class name="testscripts.cts.GrizzlyNativeApp.ForgotPasswordFlow_GrizzlyNativeApp"/>
			<class name="testscripts.cts.GrizzlyNativeApp.ForgotUsername_RetrieveUserId_GrizzlyNativeApp"/>
			<class name="testscripts.cts.GrizzlyNativeApp.RegistrationwithSSN_GrizzlyNativeApp"/>
			<class name="testscripts.cts.GrizzlyNativeApp.ForgotPasswordNegativeValidations_GrizzlyNativeApp"/>
			<class name="testscripts.cts.GrizzlyNativeApp.ForgotUsernameNegativeValidations_GrizzlyNativeApp"/>
			<class name="testscripts.cts.GrizzlyNativeApp.RegistrationwithSSN_NegativeValidations_GrizzlyNativeApp"/>
			<class name="testscripts.cts.GrizzlyNativeApp.AlreadyRegisteredPage_DiffBrand_GrizzlyNativeApp"/>
			<class name="testscripts.cts.GrizzlyNativeApp.AlreadyRegisteredPage_SameBrand_GrizzlyNativeApp"/>
			<class name="testscripts.cts.GrizzlyNativeApp.Loginwith128Characters_GrizzlyNativeApp"/>
			<class name="testscripts.cts.GrizzlyNativeApp.LoginPageValidations_GrizzlyNativeApp"/>
			<class name="testscripts.cts.GrizzlyNativeApp.AccountLockValidations_GrizzlyNativeApp"/>
			<class name="testscripts.cts.GrizzlyNativeApp.ResetPandY_PrimaryUandN_Login_GrizzlyNativeApp"/>
			<class name="testscripts.cts.GrizzlyNativeApp.ResetPandY_PrimaryUandY_Login_GrizzlyNativeApp"/>
			<class name="testscripts.cts.GrizzlyNativeApp.Login_NonQualifiedUser_GrizzlyNativeApp"/>
			<class name="testscripts.cts.GrizzlyNativeApp.Login_OtherBrandHUserandResetN_GrizzlyNativeApp"/>
			<class name="testscripts.cts.GrizzlyNativeApp.Login_OtherBrandHUserandResetY_GrizzlyNativeApp"/>
			<class name="testscripts.cts.GrizzlyNativeApp.Login_OtherBrandSUserandResetN_GrizzlyNativeApp"/>
			<class name="testscripts.cts.GrizzlyNativeApp.Login_OtherBrandSUserandResetY_GrizzlyNativeApp"/>
			<class name="testscripts.cts.GrizzlyNativeApp.Login_RememberMeFunctionality_GrizzlyNativeApp"/>
			<class name="testscripts.cts.GrizzlyNativeApp.ResetUandY_ForgotPassword_GrizzlyNativeApp"/>
			<class name="testscripts.cts.GrizzlyNativeApp.ResetUandY_ForgotUsername_GrizzlyNativeApp"/>
			<class name="testscripts.cts.GrizzlyNativeApp.ResetUandY_Registration_GrizzlyNativeApp"/>
			<class name="testscripts.cts.GrizzlyNativeApp.ProfilePage_TobaccoSurveyUpdate_GrizzlyNativeApp"/>
			<class name="testscripts.cts.GrizzlyNativeApp.ProfilePage_UserProfileUpdate_GrizzlyNativeApp"/>
			<class name="testscripts.cts.GrizzlyNativeApp.Redemption_FavoriteStore_GrizzlyNativeApp"/>
			<class name="testscripts.cts.GrizzlyNativeApp.FooterLinksValidation_GrizzlyNativeApp"/>
			<class name="testscripts.cts.GrizzlyNativeApp.PINSetupValidate_GrizzlyNativeApp"/>
			<class name="testscripts.cts.GrizzlyNativeApp.InvalidPINValidate_GrizzlyNativeApp"/>
			<class name="testscripts.cts.GrizzlyNativeApp.Redemption_ZipcodeSearch_StoreList_Listview_GrizzlyNativeApp"/>
			<class name="testscripts.cts.GrizzlyNativeApp.Redemption_ZipcodeSearch_StoreList_Mapview_GrizzlyNativeApp"/>
			<class name="testscripts.cts.GrizzlyNativeApp.Redemption_ZipcodeSearch_StoreDetails_Listview_GrizzlyNativeApp"/>
			<class name="testscripts.cts.GrizzlyNativeApp.Redemption_ZipcodeSearch_StoreDetails_Mapview_GrizzlyNativeApp"/>
			<class name="testscripts.cts.GrizzlyNativeApp.Redemption_LessThan1000feetStore_GrizzlyNativeApp"/>
			<class name="testscripts.cts.GrizzlyNativeApp.Redemption_MoreThan1000feetStore_GrizzlyNativeApp"/>
			<class name="testscripts.cts.GrizzlyNativeApp.Redemption_ValidateBadgeCount_GrizzlyNativeApp"/>
			<class name="testscripts.cts.GrizzlyNativeApp.Redemption_ValidateTimer_GrizzlyNativeApp"/>
			<class name="testscripts.cts.GrizzlyNativeApp.Redemption_DoneButton_SavingsPage_GrizzlyNativeApp"/>
			<class name="testscripts.cts.GrizzlyNativeApp.Redemption_StoreDetails_NotNow_GrizzlyNativeApp"/>
						
		</classes>
	</test> <!-- Test -->
</suite> <!-- Suite -->