<!DOCTYPE suite SYSTEM "https://testng.org/testng-1.0.dtd" >
<suite name="Regression"  data-provider-thread-count="3" >

	<test name="Test for NP App">

	<!-- Allowed Values For Execution Mode: LOCAL, GRID, MOBILE, PERFECTO, SAUCELABS, BROWSERSTACK  -->
	<parameter name="executionMode" value="PERFECTO"/>
	
	<!-- Allowed Values For ToolName: empty string, APPIUM, REMOTE_WEBDRIVER-->
	<parameter name="toolName" value="APPIUM"/>
	
	<!-- Allowed Values For Mobile Execution Platform: empty string, ANDROID, IOS, WEB_ANDROID, WEB_IOS-->
	<parameter name="mobileExecutionPlatform" value="ANDROID"/>
	
	<!-- Allowed Values For Mobile OS Version: Required OS Version-->
	<parameter name="mobileOsVersion" value=""/>
	
	<!-- Allowed Values For Device Name: Name of the Device-->
	<parameter name="deviceName" value=""/>
	
	<!-- Allowed Values For Browser: CHROME, FIREFOX, GHOST_DRIVER, INTERNET_EXPLORER, SAFARI, EDGE-->
	<parameter name="browser" value=""/>
	
	<!-- Allowed Values For Browser Version: Required Version else empty string-->
	<parameter name="browserVersion" value =""/>
	
	<!-- Allowed Values For Platform: ANY, LINUX, MAC, MAVERICKS, MOUNTAIN_LION, SNOW_LEAPARD, UNIX, VISTA, WIN8, WIN8_1, WINDOWS, XP-->
	<parameter name="platform" value=""/>
	
	<!-- Allowed Values For Platform Version: Required Version else empty string-->
	<parameter name="platformVersion" value=""/>
	
	<!-- Allowed Values For App Package Name: Required App Package Name else empty string-->
	<parameter name="AppPackageName" value="com.rjrt.NewPort"/>
	
	<!-- Allowed Values For App Main Activity Name: Required App Package Name else empty string-->
	<parameter name="AppMainActivityName" value="com.rjrt.NewPort.NewPort"/>
	
		<classes>
			<class name="testscripts.cts.NPNativeApp.ForgotPasswordFlow_NPNativeApp"/>
			<class name="testscripts.cts.NPNativeApp.ForgotPasswordNegativeValidations_NPNativeApp"/>
			<class name="testscripts.cts.NPNativeApp.AlreadyRegisteredPage_DiffBrand_NPNativeApp"/>
			<class name="testscripts.cts.NPNativeApp.ForgotUsername_RetrieveUserId_NPNativeApp"/>
			<class name="testscripts.cts.NPNativeApp.AlreadyRegisteredPage_SameBrand_NPNativeApp"/>
			<class name="testscripts.cts.NPNativeApp.RegistrationwithSSN_NPNativeApp"/>
			<class name="testscripts.cts.NPNativeApp.ForgotUsernameNegativeValidations_NPNativeApp"/>
			<class name="testscripts.cts.NPNativeApp.RegistrationwithSSN_NegativeValidations_NPNativeApp"/>
			<class name="testscripts.cts.NPNativeApp.Loginwith128Characters_NPNativeApp"/>
			<class name="testscripts.cts.NPNativeApp.LoginPageValidations_NPNativeApp"/>
			<class name="testscripts.cts.NPNativeApp.AccountLockValidations_NPNativeApp"/>
			<class name="testscripts.cts.NPNativeApp.ResetPandY_PrimaryUandN_Login_NPNativeApp"/>
			<class name="testscripts.cts.NPNativeApp.ResetPandY_PrimaryUandY_Login_NPNativeApp"/>
			<class name="testscripts.cts.NPNativeApp.Login_NonQualifiedUser_NPNativeApp"/>
			<class name="testscripts.cts.NPNativeApp.Login_OtherBrandHUserandResetN_NPNativeApp"/>
			<class name="testscripts.cts.NPNativeApp.Login_OtherBrandHUserandResetY_NPNativeApp"/>
			<class name="testscripts.cts.NPNativeApp.Login_OtherBrandSUserandResetN_NPNativeApp"/>
			<class name="testscripts.cts.NPNativeApp.Login_OtherBrandSUserandResetY_NPNativeApp"/>
			<class name="testscripts.cts.NPNativeApp.Login_RememberMeFunctionality_NPNativeApp"/>
			<class name="testscripts.cts.NPNativeApp.ResetUandY_ForgotPassword_NPNativeApp"/>
			<class name="testscripts.cts.NPNativeApp.ResetUandY_ForgotUsername_NPNativeApp"/>
			<class name="testscripts.cts.NPNativeApp.ResetUandY_Registration_NPNativeApp"/>
			<class name="testscripts.cts.NPNativeApp.Redemption_FavoriteStore_NPNativeApp"/>
			<class name="testscripts.cts.NPNativeApp.ProfilePage_UserProfileUpdate_NPNativeApp"/>
			<class name="testscripts.cts.NPNativeApp.ProfilePage_TobaccoSurveyUpdate_NPNativeApp"/>
			<class name="testscripts.cts.NPNativeApp.FooterLinksValidation_NPNativeApp"/>
			<class name="testscripts.cts.NPNativeApp.PINSetupValidate_NPNativeApp"/>
			<class name="testscripts.cts.NPNativeApp.InvalidPINValidate_NPNativeApp"/>
			<class name="testscripts.cts.NPNativeApp.Redemption_ZipcodeSearch_StoreList_Listview_NPNativeApp"/>
			<class name="testscripts.cts.NPNativeApp.Redemption_ZipcodeSearch_StoreList_Mapview_NPNativeApp"/>
			<class name="testscripts.cts.NPNativeApp.Redemption_ZipcodeSearch_StoreDetails_Listview_NPNativeApp"/>
			<class name="testscripts.cts.NPNativeApp.Redemption_ZipcodeSearch_StoreDetails_Mapview_NPNativeApp"/>
			<class name="testscripts.cts.NPNativeApp.Redemption_LessThan1000feetStore_NPNativeApp"/>
			<class name="testscripts.cts.NPNativeApp.Redemption_MoreThan1000feetStore_NPNativeApp"/>
			<class name="testscripts.cts.NPNativeApp.Redemption_ValidateBadgeCount_NPNativeApp"/>
			<class name="testscripts.cts.NPNativeApp.Redemption_ValidateTimer_NPNativeApp"/>
			<class name="testscripts.cts.NPNativeApp.Redemption_DoneButton_SavingsPage_NPNativeApp"/>
			<class name="testscripts.cts.NPNativeApp.Redemption_StoreDetails_NotNow_NPNativeApp"/>
						
		</classes>
	</test> <!-- Test -->
</suite> <!-- Suite -->