<!DOCTYPE suite SYSTEM "https://testng.org/testng-1.0.dtd" >
<suite name="Regression"  data-provider-thread-count="3" >

	<test name="Test for Oasis App">

	<!-- Allowed Values For Execution Mode: LOCAL, GRID, MOBILE, PERFECTO, SAUCELABS, BROWSERSTACK  -->
	<parameter name="executionMode" value="PERFECTO"/>
	
	<!-- Allowed Values For ToolName: empty string, APPIUM, REMOTE_WEBDRIVER-->
	<parameter name="toolName" value="APPIUM"/>
	
	<!-- Allowed Values For Mobile Execution Platform: empty string, ANDROID, IOS, WEB_ANDROID, WEB_IOS-->
	<parameter name="mobileExecutionPlatform" value="ANDROID"/>
	
	<!-- Allowed Values For Mobile OS Version: Required OS Version-->
	<parameter name="mobileOsVersion" value=""/>
	
	<!-- Allowed Values For Device Name: Name of the Device-->
	<parameter name="deviceName" value=""/>
	
	<!-- Allowed Values For Browser: CHROME, FIREFOX, GHOST_DRIVER, INTERNET_EXPLORER, SAFARI, EDGE-->
	<parameter name="browser" value=""/>
	
	<!-- Allowed Values For Browser Version: Required Version else empty string-->
	<parameter name="browserVersion" value =""/>
	
	<!-- Allowed Values For Platform: ANY, LINUX, MAC, MAVERICKS, MOUNTAIN_LION, SNOW_LEAPARD, UNIX, VISTA, WIN8, WIN8_1, WINDOWS, XP-->
	<parameter name="platform" value=""/>
	
	<!-- Allowed Values For Platform Version: Required Version else empty string-->
	<parameter name="platformVersion" value=""/>
	
	<!-- Allowed Values For App Package Name: Required App Package Name else empty string-->
	<parameter name="AppPackageName" value="com.rjrt.TheOasis"/>
	
	<!-- Allowed Values For App Main Activity Name: Required App Package Name else empty string-->
	<parameter name="AppMainActivityName" value="com.rjrt.TheOasis.Oasis"/>
	
		<classes>
			<class name="testscripts.cts.TheOasisNativeApp.ForgotPasswordFlow_OasisNativeApp"/>
			<class name="testscripts.cts.TheOasisNativeApp.ForgotPasswordNegativeValidations_OasisNativeApp"/>
			<class name="testscripts.cts.TheOasisNativeApp.ForgotUsername_RetrieveUserId_OasisNativeApp"/>
			<class name="testscripts.cts.TheOasisNativeApp.RegistrationwithSSN_OasisNativeApp"/>
			<class name="testscripts.cts.TheOasisNativeApp.AlreadyRegisteredPage_DiffBrand_OasisNativeApp"/>
			<class name="testscripts.cts.TheOasisNativeApp.AlreadyRegisteredPage_SameBrand_OasisNativeApp"/>
			<class name="testscripts.cts.TheOasisNativeApp.ForgotUsernameNegativeValidations_OasisNativeApp"/>
			<class name="testscripts.cts.TheOasisNativeApp.RegistrationwithSSN_NegativeValidations_OasisNativeApp"/>
			<class name="testscripts.cts.TheOasisNativeApp.Loginwith128Characters_OasisNativeApp"/>
			<class name="testscripts.cts.TheOasisNativeApp.LoginPageValidations_OasisNativeApp"/>
			<class name="testscripts.cts.TheOasisNativeApp.AccountLockValidations_OasisNativeApp"/>
			<class name="testscripts.cts.TheOasisNativeApp.ResetPandY_PrimaryUandN_Login_OasisNativeApp"/>
			<class name="testscripts.cts.TheOasisNativeApp.ResetPandY_PrimaryUandY_Login_OasisNativeApp"/>
			<class name="testscripts.cts.TheOasisNativeApp.Login_NonQualifiedUser_OasisNativeApp"/>
			<class name="testscripts.cts.TheOasisNativeApp.Login_OtherBrandHUserandResetN_OasisNativeApp"/>
			<class name="testscripts.cts.TheOasisNativeApp.Login_OtherBrandHUserandResetY_OasisNativeApp"/>
			<class name="testscripts.cts.TheOasisNativeApp.Login_OtherBrandSUserandResetN_OasisNativeApp"/>
			<class name="testscripts.cts.TheOasisNativeApp.Login_OtherBrandSUserandResetY_OasisNativeApp"/>
			<class name="testscripts.cts.TheOasisNativeApp.Login_RememberMeFunctionality_OasisNativeApp"/>
			<class name="testscripts.cts.TheOasisNativeApp.ResetUandY_ForgotPassword_OasisNativeApp"/>
			<class name="testscripts.cts.TheOasisNativeApp.ResetUandY_ForgotUsername_OasisNativeApp"/>
			<class name="testscripts.cts.TheOasisNativeApp.ResetUandY_Registration_OasisNativeApp"/>
			<class name="testscripts.cts.TheOasisNativeApp.LoginPage_ValidatingSGWText_OasisNativeApp"/>
			<class name="testscripts.cts.TheOasisNativeApp.PostLogin_ValidatingSGWText_OasisNativeApp"/>
			<class name="testscripts.cts.TheOasisNativeApp.HamburgerMenu_ValidatingSGWText_OasisNativeApp"/>
			<class name="testscripts.cts.TheOasisNativeApp.Coupons_ValidatingSGWText_OasisNativeApp"/>
			<class name="testscripts.cts.TheOasisNativeApp.ProfilePage_UserProfileUpdate_OasisNativeApp"/>
			<class name="testscripts.cts.TheOasisNativeApp.ProfilePage_TobaccoSurveyUpdate_OasisNativeApp"/>
			<class name="testscripts.cts.TheOasisNativeApp.Redemption_FavoriteStore_OasisNativeApp"/>
			<class name="testscripts.cts.TheOasisNativeApp.FooterLinksValidation_OasisNativeApp"/>
			<class name="testscripts.cts.TheOasisNativeApp.PINSetupValidate_OasisNativeApp"/>
			<class name="testscripts.cts.TheOasisNativeApp.InvalidPINValidate_OasisNativeApp"/>
			<class name="testscripts.cts.TheOasisNativeApp.Redemption_ZipcodeSearch_StoreList_Listview_OasisNativeApp"/>
			<class name="testscripts.cts.TheOasisNativeApp.Redemption_ZipcodeSearch_StoreList_Mapview_OasisNativeApp"/>
			<class name="testscripts.cts.TheOasisNativeApp.Redemption_ZipcodeSearch_StoreDetails_Listview_OasisNativeApp"/>
			<class name="testscripts.cts.TheOasisNativeApp.Redemption_ZipcodeSearch_StoreDetails_Mapview_OasisNativeApp"/>
			<class name="testscripts.cts.TheOasisNativeApp.Redemption_LessThan1000feetStore_OasisNativeApp"/>
			<class name="testscripts.cts.TheOasisNativeApp.Redemption_MoreThan1000feetStore_OasisNativeApp"/>
			<class name="testscripts.cts.TheOasisNativeApp.Redemption_ValidateBadgeCount_OasisNativeApp"/>
			<class name="testscripts.cts.TheOasisNativeApp.Redemption_ValidateTimer_OasisNativeApp"/>
			<class name="testscripts.cts.TheOasisNativeApp.Redemption_DoneButton_SavingsPage_OasisNativeApp"/>
			<class name="testscripts.cts.TheOasisNativeApp.Redemption_StoreDetails_NotNow_OasisNativeApp"/>
						
		</classes>
	</test> <!-- Test -->
</suite> <!-- Suite -->