<suite name="Regression"  data-provider-thread-count="3" >

	<test name="Test for Camel Website">

	<!-- Allowed Values For Execution Mode: LOCAL, GRID, MOBILE, PERFECTO, SAUCELABS, BROWSERSTACK  -->
	<parameter name="executionMode" value="LOCAL"/>
	
	<!-- Allowed Values For ToolName: empty string, APPIUM, REMOTE_WEBDRIVER-->
	<parameter name="toolName" value=""/>
	
	<!-- Allowed Values For Mobile Execution Platform: empty string, ANDROID, IOS, WEB_ANDROID, WEB_IOS-->
	<parameter name="mobileExecutionPlatform" value=""/>
	
	<!-- Allowed Values For Mobile OS Version: Required OS Version-->
	<parameter name="mobileOsVersion" value=""/>
	
	<!-- Allowed Values For Device Name: Name of the Device-->
	<parameter name="deviceName" value=""/>
	
	<!-- Allowed Values For Browser: CHROME, FIREFOX, GHOST_DRIVER, INTERNET_EXPLORER, SAFARI, EDGE-->
	<parameter name="browser" value="CHROME"/>
	
	<!-- Allowed Values For Browser Version: Required Version else empty string-->
	<parameter name="browserVersion" value =""/>
	
	<!-- Allowed Values For Platform: ANY, LINUX, MAC, MAVERICKS, MOUNTAIN_LION, SNOW_LEAPARD, UNIX, VISTA, WIN8, WIN8_1, WINDOWS, XP-->
	<parameter name="platform" value=""/>
	
	<!-- Allowed Values For Platform Version: Required Version else empty string-->
	<parameter name="platformVersion" value=""/>
	
		<classes>
			<class name="testscripts.cts.CamelWebsite.AccountLockValidations_CamelWebsite"/>
			<class name="testscripts.cts.CamelWebsite.AlreadyRegisteredPage_DiffBrand_CamelWebsite"/>
			<class name="testscripts.cts.CamelWebsite.AlreadyRegisteredPage_SameBrand_CamelWebsite"/>
			<class name="testscripts.cts.CamelWebsite.ForgotPassword_PasswordReset_CamelWebsite"/>
			<class name="testscripts.cts.CamelWebsite.ForgotPasswordNegativeValidations_CamelWebsite"/>
			<class name="testscripts.cts.CamelWebsite.ForgotUsername_RetrieveUserId_CamelWebsite"/>
			<class name="testscripts.cts.CamelWebsite.ForgotUsernameNegativeValidations_CamelWebsite"/>
			<class name="testscripts.cts.CamelWebsite.LoginPageValidations_CamelWebsite"/>
			<class name="testscripts.cts.CamelWebsite.Loginwith128Characters_CamelWebsite"/>
			<class name="testscripts.cts.CamelWebsite.PreandPostLoginFooterLinksValidation_CamelWebsite"/>
			<class name="testscripts.cts.CamelWebsite.ProfilePage_TobaccoSurveyNegativeValidations_CamelWebsite"/>
			<class name="testscripts.cts.CamelWebsite.ProfilePage_TobaccoSurveyUpdate_CamelWebsite"/>
			<class name="testscripts.cts.CamelWebsite.ProfilePage_UserProfileNegativeValidations_CamelWebsite"/>
			<class name="testscripts.cts.CamelWebsite.ProfilePage_UserProfileUpdate_CamelWebsite"/>
			<class name="testscripts.cts.CamelWebsite.RegistrationwithSSN_CamelWebsite"/>
			<class name="testscripts.cts.CamelWebsite.RegistrationwithSSN_NegativeValidations_CamelWebsite"/>
			<class name="testscripts.cts.CamelWebsite.ResetPandY_PrimaryUandN_Login_CamelWebsite"/>
			<!--<class name="testscripts.cts.CamelWebsite.ResetPandY_PrimaryUandY_Login_CamelWebsite"/>
			<class name="testscripts.cts.CamelWebsite.ResetUandY_ForgotPassword_CamelWebsite"/>
			<class name="testscripts.cts.CamelWebsite.ResetUandY_ForgotUsername_CamelWebsite"/>
			<class name="testscripts.cts.CamelWebsite.ResetUandY_Registration_CamelWebsite"/>-->			
		</classes>
	</test> <!-- Test -->
</suite> <!-- Suite -->