<suite name="Regression"  data-provider-thread-count="3" >

	<test name="Test for Newport Website">

	<!-- Allowed Values For Execution Mode: LOCAL, GRID, MOBILE, PERFECTO, SAUCELABS, BROWSERSTACK  -->
	<parameter name="executionMode" value="LOCAL"/>
	
	<!-- Allowed Values For ToolName: empty string, APPIUM, REMOTE_WEBDRIVER-->
	<parameter name="toolName" value=""/>
	
	<!-- Allowed Values For Mobile Execution Platform: empty string, ANDROID, IOS, WEB_ANDROID, WEB_IOS-->
	<parameter name="mobileExecutionPlatform" value=""/>
	
	<!-- Allowed Values For Mobile OS Version: Required OS Version-->
	<parameter name="mobileOsVersion" value=""/>
	
	<!-- Allowed Values For Device Name: Name of the Device-->
	<parameter name="deviceName" value=""/>
	
	<!-- Allowed Values For Browser: CHROME, FIREFOX, GHOST_DRIVER, INTERNET_EXPLORER, SAFARI, EDGE-->
	<parameter name="browser" value="CHROME"/>
	
	<!-- Allowed Values For Browser Version: Required Version else empty string-->
	<parameter name="browserVersion" value =""/>
	
	<!-- Allowed Values For Platform: ANY, LINUX, MAC, MAVERICKS, MOUNTAIN_LION, SNOW_LEAPARD, UNIX, VISTA, WIN8, WIN8_1, WINDOWS, XP-->
	<parameter name="platform" value=""/>
	
	<!-- Allowed Values For Platform Version: Required Version else empty string-->
	<parameter name="platformVersion" value=""/>
	
		<classes>
			<class name="testscripts.cts.NewportWebsite.AccountLockValidations_NewportWebsite"/>
			<class name="testscripts.cts.NewportWebsite.AlreadyRegisteredPage_DiffBrand_NewportWebsite"/>
			<class name="testscripts.cts.NewportWebsite.AlreadyRegisteredPage_SameBrand_NewportWebsite"/>
			<class name="testscripts.cts.NewportWebsite.ForgotPassword_PasswordReset_NewportWebsite"/>
			<class name="testscripts.cts.NewportWebsite.ForgotPasswordNegativeValidations_NewportWebsite"/>
			<class name="testscripts.cts.NewportWebsite.ForgotUsername_RetrieveUserId_NewportWebsite"/>
			<class name="testscripts.cts.NewportWebsite.ForgotUsernameNegativeValidations_NewportWebsite"/>
			<class name="testscripts.cts.NewportWebsite.LoginPageValidations_NewportWebsite"/>
			<class name="testscripts.cts.NewportWebsite.Loginwith128Characters_NewportWebsite"/>
			<class name="testscripts.cts.NewportWebsite.PreandPostLoginFooterLinksValidation_NewportWebsite"/>
			<class name="testscripts.cts.NewportWebsite.ProfilePage_TobaccoSurveyNegativeValidations_NewportWebsite"/>
			<class name="testscripts.cts.NewportWebsite.ProfilePage_TobaccoSurveyUpdate_NewportWebsite"/>
			<class name="testscripts.cts.NewportWebsite.ProfilePage_UserProfileNegativeValidations_NewportWebsite"/>
			<class name="testscripts.cts.NewportWebsite.ProfilePage_UserProfileUpdate_NewportWebsite"/>
			<class name="testscripts.cts.NewportWebsite.RegistrationwithSSN_NewportWebsite"/>
			<class name="testscripts.cts.NewportWebsite.RegistrationwithSSN_NegativeValidations_NewportWebsite"/>
			<!--<class name="testscripts.cts.NewportWebsite.ResetPandY_PrimaryUandN_Login_NewportWebsite"/>
			<class name="testscripts.cts.NewportWebsite.ResetPandY_PrimaryUandY_Login_NewportWebsite"/>
			<class name="testscripts.cts.NewportWebsite.ResetUandY_ForgotPassword_NewportWebsite"/>
			<class name="testscripts.cts.NewportWebsite.ResetUandY_ForgotUsername_NewportWebsite"/>
			<class name="testscripts.cts.NewportWebsite.ResetUandY_Registration_NewportWebsite"/>-->			
		</classes>
	</test> <!-- Test -->
</suite> <!-- Suite -->