<suite name="Regression"  data-provider-thread-count="3" >

	<test name="Test for Grizzly Website">

	<!-- Allowed Values For Execution Mode: LOCAL, GRID, MOBILE, PERFECTO, SAUCELABS, BROWSERSTACK  -->
	<parameter name="executionMode" value="LOCAL"/>
	
	<!-- Allowed Values For ToolName: empty string, APPIUM, REMOTE_WEBDRIVER-->
	<parameter name="toolName" value=""/>
	
	<!-- Allowed Values For Mobile Execution Platform: empty string, ANDROID, IOS, WEB_ANDROID, WEB_IOS-->
	<parameter name="mobileExecutionPlatform" value=""/>
	
	<!-- Allowed Values For Mobile OS Version: Required OS Version-->
	<parameter name="mobileOsVersion" value=""/>
	
	<!-- Allowed Values For Device Name: Name of the Device-->
	<parameter name="deviceName" value=""/>
	
	<!-- Allowed Values For Browser: CHROME, FIREFOX, GHOST_DRIVER, INTERNET_EXPLORER, SAFARI, EDGE-->
	<parameter name="browser" value="CHROME"/>
	
	<!-- Allowed Values For Browser Version: Required Version else empty string-->
	<parameter name="browserVersion" value =""/>
	
	<!-- Allowed Values For Platform: ANY, LINUX, MAC, MAVERICKS, MOUNTAIN_LION, SNOW_LEAPARD, UNIX, VISTA, WIN8, WIN8_1, WINDOWS, XP-->
	<parameter name="platform" value=""/>
	
	<!-- Allowed Values For Platform Version: Required Version else empty string-->
	<parameter name="platformVersion" value=""/>
	
		<classes>
			<class name="testscripts.cts.GrizzlyWebsite.AccountLockValidations_GrizzlyWebsite"/>
			<class name="testscripts.cts.GrizzlyWebsite.AlreadyRegisteredPage_DiffBrand_GrizzlyWebsite"/>
			<class name="testscripts.cts.GrizzlyWebsite.AlreadyRegisteredPage_SameBrand_GrizzlyWebsite"/>
			<class name="testscripts.cts.GrizzlyWebsite.ForgotPassword_PasswordReset_GrizzlyWebsite"/>
			<class name="testscripts.cts.GrizzlyWebsite.ForgotPasswordNegativeValidations_GrizzlyWebsite"/>
			<class name="testscripts.cts.GrizzlyWebsite.ForgotUsername_RetrieveUserId_GrizzlyWebsite"/>
			<class name="testscripts.cts.GrizzlyWebsite.ForgotUsernameNegativeValidations_GrizzlyWebsite"/>
			<class name="testscripts.cts.GrizzlyWebsite.LoginPageValidations_GrizzlyWebsite"/>
			<class name="testscripts.cts.GrizzlyWebsite.Loginwith128Characters_GrizzlyWebsite"/>
			<class name="testscripts.cts.GrizzlyWebsite.PreandPostLoginFooterLinksValidation_GrizzlyWebsite"/>
			<class name="testscripts.cts.GrizzlyWebsite.ProfilePage_TobaccoSurveyNegativeValidations_GrizzlyWebsite"/>
			<class name="testscripts.cts.GrizzlyWebsite.ProfilePage_TobaccoSurveyUpdate_GrizzlyWebsite"/>
			<class name="testscripts.cts.GrizzlyWebsite.ProfilePage_UserProfileNegativeValidations_GrizzlyWebsite"/>
			<class name="testscripts.cts.GrizzlyWebsite.ProfilePage_UserProfileUpdate_GrizzlyWebsite"/>
			<class name="testscripts.cts.GrizzlyWebsite.RegistrationwithSSN_GrizzlyWebsite"/>
			<class name="testscripts.cts.GrizzlyWebsite.RegistrationwithSSN_NegativeValidations_GrizzlyWebsite"/>
			<!--<class name="testscripts.cts.GrizzlyWebsite.ResetPandY_PrimaryUandN_Login_GrizzlyWebsite"/>
			<class name="testscripts.cts.GrizzlyWebsite.ResetPandY_PrimaryUandY_Login_GrizzlyWebsite"/>
			<class name="testscripts.cts.GrizzlyWebsite.ResetUandY_ForgotPassword_GrizzlyWebsite"/>
			<class name="testscripts.cts.GrizzlyWebsite.ResetUandY_ForgotUsername_GrizzlyWebsite"/>
			<class name="testscripts.cts.GrizzlyWebsite.ResetUandY_Registration_GrizzlyWebsite"/>-->			
		</classes>
	</test> <!-- Test -->
</suite> <!-- Suite -->