<suite name="Regression"  data-provider-thread-count="3" >

	<test name="Test for AmericanSpirit Website">

	<!-- Allowed Values For Execution Mode: LOCAL, GRID, MOBILE, PERFECTO, SAUCELABS, BROWSERSTACK  -->
	<parameter name="executionMode" value="LOCAL"/>
	
	<!-- Allowed Values For ToolName: empty string, APPIUM, REMOTE_WEBDRIVER-->
	<parameter name="toolName" value=""/>
	
	<!-- Allowed Values For Mobile Execution Platform: empty string, ANDROID, IOS, WEB_ANDROID, WEB_IOS-->
	<parameter name="mobileExecutionPlatform" value=""/>
	
	<!-- Allowed Values For Mobile OS Version: Required OS Version-->
	<parameter name="mobileOsVersion" value=""/>
	
	<!-- Allowed Values For Device Name: Name of the Device-->
	<parameter name="deviceName" value=""/>
	
	<!-- Allowed Values For Browser: CHROME, FIREFOX, GHOST_DRIVER, INTERNET_EXPLORER, SAFARI, EDGE-->
	<parameter name="browser" value="CHROME"/>
	
	<!-- Allowed Values For Browser Version: Required Version else empty string-->
	<parameter name="browserVersion" value =""/>
	
	<!-- Allowed Values For Platform: ANY, LINUX, MAC, MAVERICKS, MOUNTAIN_LION, SNOW_LEAPARD, UNIX, VISTA, WIN8, WIN8_1, WINDOWS, XP-->
	<parameter name="platform" value=""/>
	
	<!-- Allowed Values For Platform Version: Required Version else empty string-->
	<parameter name="platformVersion" value=""/>
	
		<classes>
			<class name="testscripts.cts.AmericanSpiritWebsite.AccountLockValidations_AmericanSpiritWebsite"/>
			<class name="testscripts.cts.AmericanSpiritWebsite.AlreadyRegisteredPage_DiffBrand_AmericanSpiritWebsite"/>
			<class name="testscripts.cts.AmericanSpiritWebsite.AlreadyRegisteredPage_SameBrand_AmericanSpiritWebsite"/>
			<class name="testscripts.cts.AmericanSpiritWebsite.ForgotPassword_PasswordReset_AmericanSpiritWebsite"/>
			<class name="testscripts.cts.AmericanSpiritWebsite.ForgotPasswordNegativeValidations_AmericanSpiritWebsite"/>
			<class name="testscripts.cts.AmericanSpiritWebsite.ForgotUsername_RetrieveUserId_AmericanSpiritWebsite"/>
			<class name="testscripts.cts.AmericanSpiritCamelWebsite.ForgotUsernameNegativeValidations_AmericanSpiritWebsite"/>
			<class name="testscripts.cts.AmericanSpiritWebsite.LoginPageValidations_AmericanSpiritWebsite"/>
			<class name="testscripts.cts.AmericanSpiritWebsite.Loginwith128Characters_AmericanSpiritWebsite"/>
			<class name="testscripts.cts.AmericanSpiritWebsite.PreandPostLoginFooterLinksValidation_AmericanSpiritWebsite"/>
			<class name="testscripts.cts.AmericanSpiritWebsite.ProfilePage_TobaccoSurveyNegativeValidations_AmericanSpiritWebsite"/>
			<class name="testscripts.cts.AmericanSpiritWebsite.ProfilePage_TobaccoSurveyUpdate_AmericanSpiritWebsite"/>
			<class name="testscripts.cts.AmericanSpiritWebsite.ProfilePage_UserProfileNegativeValidations_AmericanSpiritWebsite"/>
			<class name="testscripts.cts.AmericanSpiritWebsite.ProfilePage_UserProfileUpdate_AmericanSpiritWebsite"/>
			<class name="testscripts.cts.AmericanSpiritWebsite.RegistrationwithSSN_AmericanSpiritWebsite"/>
			<class name="testscripts.cts.AmericanSpiritWebsite.RegistrationwithSSN_NegativeValidations_AmericanSpiritWebsite"/>
			<!--<class name="testscripts.cts.AmericanSpiritWebsite.ResetPandY_PrimaryUandN_Login_AmericanSpiritWebsite"/>
			<class name="testscripts.cts.AmericanSpiritWebsite.ResetPandY_PrimaryUandY_Login_AmericanSpiritWebsite"/>
			<class name="testscripts.cts.AmericanSpiritWebsite.ResetUandY_ForgotPassword_AmericanSpiritWebsite"/>
			<class name="testscripts.cts.AmericanSpiritWebsite.ResetUandY_ForgotUsername_AmericanSpiritWebsite"/>
			<class name="testscripts.cts.AmericanSpiritWebsite.ResetUandY_Registration_AmericanSpiritWebsite"/>-->			
		</classes>
	</test> <!-- Test -->
</suite> <!-- Suite -->